{
    "train_and_valid": 38.36615844385233,
    "test": 2.6272838399745524
}