{
    "best f1 under pa": {
        "f1": 0.9983870327226514,
        "precision": 0.996795509056323,
        "recall": 1.0
    },
    "event-based f1 under pa with mode log": {
        "f1": 0.9227564102564095,
        "precision": 0.8793831168831167,
        "recall": 0.9999999999999998
    }
}