{
    "train_and_valid": 57.056961340713315,
    "test": 2.4907955307280645
}